-- MySQL dump 10.13  Distrib 5.5.22, for debian-linux-gnu (i686)
--
-- Host: localhost    Database: timesheet
-- ------------------------------------------------------
-- Server version	5.5.22-0ubuntu1

/*!40101 SET @OLD_CHARACTER_SET_CLIENT=@@CHARACTER_SET_CLIENT */;
/*!40101 SET @OLD_CHARACTER_SET_RESULTS=@@CHARACTER_SET_RESULTS */;
/*!40101 SET @OLD_COLLATION_CONNECTION=@@COLLATION_CONNECTION */;
/*!40101 SET NAMES utf8 */;
/*!40103 SET @OLD_TIME_ZONE=@@TIME_ZONE */;
/*!40103 SET TIME_ZONE='+00:00' */;
/*!40014 SET @OLD_UNIQUE_CHECKS=@@UNIQUE_CHECKS, UNIQUE_CHECKS=0 */;
/*!40014 SET @OLD_FOREIGN_KEY_CHECKS=@@FOREIGN_KEY_CHECKS, FOREIGN_KEY_CHECKS=0 */;
/*!40101 SET @OLD_SQL_MODE=@@SQL_MODE, SQL_MODE='NO_AUTO_VALUE_ON_ZERO' */;
/*!40111 SET @OLD_SQL_NOTES=@@SQL_NOTES, SQL_NOTES=0 */;

--
-- Table structure for table `config`
--

DROP TABLE IF EXISTS `config`;
/*!40101 SET @saved_cs_client     = @@character_set_client */;
/*!40101 SET character_set_client = utf8 */;
CREATE TABLE `config` (
  `id` int(11) NOT NULL AUTO_INCREMENT,
  `_key` varchar(100) NOT NULL,
  `value` varchar(100) NOT NULL DEFAULT ' ',
  PRIMARY KEY (`id`)
) ENGINE=InnoDB AUTO_INCREMENT=4 DEFAULT CHARSET=latin1;
/*!40101 SET character_set_client = @saved_cs_client */;

--
-- Dumping data for table `config`
--

LOCK TABLES `config` WRITE;
/*!40000 ALTER TABLE `config` DISABLE KEYS */;
INSERT INTO `config` VALUES (1,'Saldo inicial banco de horas (hrs)',' 31:06'),(2,'Jornada diária (hrs)',' 8'),(3,'Jornada semanal','1 2 3 4 5  ');
/*!40000 ALTER TABLE `config` ENABLE KEYS */;
UNLOCK TABLES;

--
-- Table structure for table `day_not_worked`
--

DROP TABLE IF EXISTS `day_not_worked`;
/*!40101 SET @saved_cs_client     = @@character_set_client */;
/*!40101 SET character_set_client = utf8 */;
CREATE TABLE `day_not_worked` (
  `date` varchar(8) NOT NULL,
  `reason` varchar(250) DEFAULT NULL,
  PRIMARY KEY (`date`)
) ENGINE=InnoDB DEFAULT CHARSET=latin1;
/*!40101 SET character_set_client = @saved_cs_client */;

--
-- Dumping data for table `day_not_worked`
--

LOCK TABLES `day_not_worked` WRITE;
/*!40000 ALTER TABLE `day_not_worked` DISABLE KEYS */;
INSERT INTO `day_not_worked` VALUES ('20140101','Feriado'),('20140106','Férias'),('20140107','Férias'),('20140108','Férias'),('20140109','Férias'),('20140110','Férias'),('20140113','Licença Gala'),('20140114','Licença Gala'),('20140115','Licença Gala'),('20140116','Licença Gala'),('20140117','Licença Gala'),('20140303','Recesso Carnaval'),('20140304','Recesso Carnaval'),('20140305','Recesso Carnaval'),('20140418','Sexta-Feira Santa'),('20140421','Tiradentes'),('20140501','Dia do Trabalho'),('20140502','Recesso'),('20140609','Centenário Foz '),('20140610','Recesso'),('20140619','Corpus Christi'),('20140620','Recesso'),('20140623','Recesso'),('20140624','São João');
/*!40000 ALTER TABLE `day_not_worked` ENABLE KEYS */;
UNLOCK TABLES;

--
-- Table structure for table `events`
--

DROP TABLE IF EXISTS `events`;
/*!40101 SET @saved_cs_client     = @@character_set_client */;
/*!40101 SET character_set_client = utf8 */;
CREATE TABLE `events` (
  `id` int(11) NOT NULL AUTO_INCREMENT,
  `description` varchar(100) NOT NULL,
  PRIMARY KEY (`id`)
) ENGINE=InnoDB AUTO_INCREMENT=6 DEFAULT CHARSET=latin1;
/*!40101 SET character_set_client = @saved_cs_client */;

--
-- Dumping data for table `events`
--

LOCK TABLES `events` WRITE;
/*!40000 ALTER TABLE `events` DISABLE KEYS */;
INSERT INTO `events` VALUES (1,'MÉDICO'),(2,'RECESSO'),(3,'FÉRIAS'),(4,'FERIADO'),(5,'LICENÇA GALA');
/*!40000 ALTER TABLE `events` ENABLE KEYS */;
UNLOCK TABLES;

--
-- Table structure for table `point`
--

DROP TABLE IF EXISTS `point`;
/*!40101 SET @saved_cs_client     = @@character_set_client */;
/*!40101 SET character_set_client = utf8 */;
CREATE TABLE `point` (
  `id` int(11) NOT NULL AUTO_INCREMENT,
  `date` varchar(8) NOT NULL,
  `schedule` time NOT NULL,
  `sequence` int(11) DEFAULT NULL,
  `note` varchar(400) DEFAULT NULL,
  `created` timestamp NOT NULL DEFAULT CURRENT_TIMESTAMP ON UPDATE CURRENT_TIMESTAMP,
  `event` int(11) DEFAULT NULL,
  PRIMARY KEY (`id`),
  UNIQUE KEY `date` (`date`,`sequence`),
  KEY `event` (`event`),
  CONSTRAINT `point_ibfk_1` FOREIGN KEY (`event`) REFERENCES `events` (`id`)
) ENGINE=InnoDB AUTO_INCREMENT=198 DEFAULT CHARSET=latin1;
/*!40101 SET character_set_client = @saved_cs_client */;

--
-- Dumping data for table `point`
--

LOCK TABLES `point` WRITE;
/*!40000 ALTER TABLE `point` DISABLE KEYS */;
INSERT INTO `point` VALUES (1,'20140203','08:00:00',1,NULL,'0000-00-00 00:00:00',NULL),(3,'20140203','12:00:00',2,NULL,'0000-00-00 00:00:00',NULL),(5,'20140203','14:00:00',3,NULL,'0000-00-00 00:00:00',NULL),(6,'20140203','18:00:00',4,NULL,'0000-00-00 00:00:00',NULL),(7,'20140204','08:00:00',1,NULL,'2014-02-04 19:05:47',NULL),(8,'20140204','12:00:00',2,NULL,'2014-02-04 19:05:53',NULL),(9,'20140204','14:00:00',3,NULL,'2014-02-04 19:05:59',NULL),(10,'20140204','18:00:00',4,NULL,'2014-02-04 19:06:05',NULL),(11,'20140205','07:55:00',1,NULL,'2014-02-05 16:42:39',NULL),(12,'20140205','12:00:00',2,NULL,'2014-02-05 16:42:56',NULL),(14,'20140205','13:50:00',3,'','2014-02-05 16:48:18',NULL),(19,'20140205','18:00:00',4,NULL,'2014-02-06 10:35:27',NULL),(20,'20140206','08:00:00',1,NULL,'2014-02-06 10:35:34',NULL),(21,'20140102','08:00:00',NULL,'','2014-02-18 11:31:44',NULL),(22,'20140102','12:00:00',NULL,'','2014-02-18 11:31:49',NULL),(23,'20140102','13:45:00',NULL,'','2014-02-18 11:31:53',NULL),(24,'20140102','17:00:00',NULL,'','2014-02-18 11:31:57',NULL),(25,'20140103','09:00:00',NULL,'','2014-02-18 11:32:07',NULL),(26,'20140103','12:00:00',NULL,'','2014-02-18 11:32:11',NULL),(27,'20140103','13:00:00',NULL,'','2014-02-18 11:32:15',NULL),(28,'20140103','18:00:00',NULL,'','2014-02-18 11:32:19',NULL),(29,'20140106','00:00:00',1,'Férias','2014-02-18 11:30:40',3),(30,'20140106','00:00:00',2,'Férias','2014-02-18 11:30:40',3),(31,'20140106','00:00:00',3,'Férias','2014-02-18 11:30:40',3),(32,'20140106','00:00:00',4,'Férias','2014-02-18 11:30:40',3),(33,'20140107','00:00:00',1,'Férias','2014-02-18 11:30:40',3),(34,'20140107','00:00:00',2,'Férias','2014-02-18 11:30:40',3),(35,'20140107','00:00:00',3,'Férias','2014-02-18 11:30:40',3),(36,'20140107','00:00:00',4,'Férias','2014-02-18 11:30:40',3),(37,'20140108','00:00:00',1,'Férias','2014-02-18 11:30:40',3),(38,'20140108','00:00:00',2,'Férias','2014-02-18 11:30:40',3),(39,'20140108','00:00:00',3,'Férias','2014-02-18 11:30:40',3),(40,'20140108','00:00:00',4,'Férias','2014-02-18 11:30:40',3),(41,'20140109','00:00:00',1,'Férias','2014-02-18 11:30:40',3),(42,'20140109','00:00:00',2,'Férias','2014-02-18 11:30:40',3),(43,'20140109','00:00:00',3,'Férias','2014-02-18 11:30:40',3),(44,'20140109','00:00:00',4,'Férias','2014-02-18 11:30:40',3),(45,'20140110','00:00:00',1,'Férias','2014-02-18 11:30:40',3),(46,'20140110','00:00:00',2,'Férias','2014-02-18 11:30:40',3),(47,'20140110','00:00:00',3,'Férias','2014-02-18 11:30:40',3),(48,'20140110','00:00:00',4,'Férias','2014-02-18 11:30:40',3),(49,'20140113','00:00:00',1,'Licença Gala','2014-02-18 11:31:11',5),(50,'20140113','00:00:00',2,'Licença Gala','2014-02-18 11:31:11',5),(51,'20140113','00:00:00',3,'Licença Gala','2014-02-18 11:31:11',5),(52,'20140113','00:00:00',4,'Licença Gala','2014-02-18 11:31:11',5),(53,'20140114','00:00:00',1,'Licença Gala','2014-02-18 11:31:11',5),(54,'20140114','00:00:00',2,'Licença Gala','2014-02-18 11:31:11',5),(55,'20140114','00:00:00',3,'Licença Gala','2014-02-18 11:31:11',5),(56,'20140114','00:00:00',4,'Licença Gala','2014-02-18 11:31:11',5),(57,'20140115','00:00:00',1,'Licença Gala','2014-02-18 11:31:11',5),(58,'20140115','00:00:00',2,'Licença Gala','2014-02-18 11:31:11',5),(59,'20140115','00:00:00',3,'Licença Gala','2014-02-18 11:31:11',5),(60,'20140115','00:00:00',4,'Licença Gala','2014-02-18 11:31:11',5),(61,'20140116','00:00:00',1,'Licença Gala','2014-02-18 11:31:11',5),(62,'20140116','00:00:00',2,'Licença Gala','2014-02-18 11:31:11',5),(63,'20140116','00:00:00',3,'Licença Gala','2014-02-18 11:31:11',5),(64,'20140116','00:00:00',4,'Licença Gala','2014-02-18 11:31:11',5),(65,'20140117','00:00:00',1,'Licença Gala','2014-02-18 11:31:11',5),(66,'20140117','00:00:00',2,'Licença Gala','2014-02-18 11:31:11',5),(67,'20140117','00:00:00',3,'Licença Gala','2014-02-18 11:31:11',5),(68,'20140117','00:00:00',4,'Licença Gala','2014-02-18 11:31:11',5),(69,'20140120','07:50:00',1,'','2014-02-06 11:07:27',NULL),(70,'20140120','12:00:00',2,'','2014-02-06 11:07:27',NULL),(71,'20140120','14:00:00',3,'','2014-02-06 11:07:27',NULL),(72,'20140120','18:00:00',4,'','2014-02-06 11:07:27',NULL),(73,'20140121','07:50:00',1,'','2014-02-06 11:07:27',NULL),(74,'20140121','12:00:00',2,'','2014-02-06 11:07:27',NULL),(75,'20140121','14:00:00',3,'','2014-02-06 11:07:27',NULL),(76,'20140121','18:00:00',4,'','2014-02-06 11:07:27',NULL),(77,'20140122','08:00:00',1,'','2014-02-06 11:07:27',NULL),(78,'20140122','12:00:00',2,'','2014-02-06 11:07:27',NULL),(79,'20140122','13:50:00',3,'','2014-02-06 11:07:28',NULL),(80,'20140122','18:00:00',4,'','2014-02-06 11:07:28',NULL),(81,'20140123','08:15:00',1,'','2014-02-06 11:07:28',NULL),(82,'20140123','12:00:00',2,'','2014-02-06 11:07:28',NULL),(83,'20140123','13:50:00',3,'','2014-02-06 11:07:28',NULL),(84,'20140123','19:00:00',4,'','2014-02-06 11:07:28',NULL),(85,'20140124','08:00:00',1,'','2014-02-06 11:07:28',NULL),(86,'20140124','12:00:00',2,'','2014-02-06 11:07:28',NULL),(87,'20140124','13:50:00',3,'','2014-02-06 11:07:28',NULL),(88,'20140124','19:00:00',4,'','2014-02-06 11:07:28',NULL),(89,'20140127','08:30:00',1,'','2014-02-06 11:07:28',NULL),(90,'20140127','12:20:00',2,'','2014-02-06 11:07:28',NULL),(91,'20140127','13:40:00',3,'','2014-02-06 11:07:28',NULL),(92,'20140127','18:00:00',4,'','2014-02-06 11:07:28',NULL),(93,'20140128','07:45:00',1,'','2014-02-06 11:07:28',NULL),(94,'20140128','12:00:00',2,'','2014-02-06 11:07:28',NULL),(95,'20140128','13:00:00',3,'','2014-02-06 11:07:28',NULL),(96,'20140128','18:15:00',4,'','2014-02-06 11:07:28',NULL),(97,'20140129','07:45:00',1,'','2014-02-06 11:07:28',NULL),(98,'20140129','12:00:00',2,'','2014-02-06 11:07:28',NULL),(99,'20140129','13:30:00',3,'','2014-02-06 11:07:28',NULL),(100,'20140129','18:00:00',4,'','2014-02-06 11:07:28',NULL),(101,'20140130','07:45:00',1,'','2014-02-06 11:07:29',NULL),(102,'20140130','12:00:00',2,'','2014-02-06 11:07:29',NULL),(103,'20140130','13:00:00',3,'','2014-02-06 11:07:29',NULL),(104,'20140130','17:10:00',4,'','2014-02-06 11:07:29',NULL),(105,'20140131','08:00:00',1,'','2014-02-06 11:07:29',NULL),(106,'20140131','12:00:00',2,'','2014-02-06 11:07:29',NULL),(107,'20140131','14:00:00',3,'','2014-02-06 11:07:29',NULL),(108,'20140131','20:00:00',4,'PELA MANHÃ ATESTADO MÉDICO - INFECÇÃO OUVIDO','2014-02-06 11:07:30',NULL),(109,'20140207','08:00:00',1,'','2014-02-07 12:29:59',NULL),(110,'20140206','12:00:00',2,'','2014-02-07 12:30:30',NULL),(111,'20140206','13:00:00',3,'','2014-02-07 12:30:37',NULL),(112,'20140206','17:50:00',4,'','2014-02-07 12:30:46',NULL),(113,'20140210','07:50:00',1,'','2014-02-10 16:10:24',NULL),(114,'20140207','12:00:00',2,'','2014-02-10 10:24:55',NULL),(115,'20140207','13:30:00',3,'','2014-02-10 10:25:06',NULL),(116,'20140207','17:50:00',4,'','2014-02-10 10:25:13',NULL),(117,'20140210','14:00:00',3,'','2014-02-10 16:09:46',NULL),(118,'20140210','12:00:00',2,'','2014-02-10 16:10:43',NULL),(119,'20140211','08:00:00',1,'','2014-02-11 10:54:05',NULL),(120,'20140210','18:00:00',4,'','2014-02-11 10:54:29',NULL),(121,'20140211','12:00:00',2,'','2014-02-11 10:54:46',NULL),(122,'20140211','15:00:00',3,'LEVAR DIEGO RODOVIÁRIA','2014-02-11 10:55:01',NULL),(123,'20140212','07:55:00',1,'','2014-02-12 10:14:04',NULL),(124,'20140211','18:00:00',4,'','2014-02-12 10:14:24',NULL),(130,'20140213','08:00:00',1,'','2014-02-13 18:47:33',NULL),(133,'20140212','12:00:00',2,'','2014-02-14 18:30:31',NULL),(134,'20140212','14:00:00',3,'','2014-02-14 18:30:53',NULL),(135,'20140212','18:00:00',4,'','2014-02-14 18:31:05',NULL),(136,'20140214','08:00:00',1,'','2014-02-14 22:56:53',NULL),(137,'20140214','12:00:00',2,'','2014-02-14 19:26:24',NULL),(138,'20140213','13:50:00',3,'','2014-02-14 19:26:38',NULL),(139,'20140214','18:00:00',4,'','2014-02-14 19:26:47',NULL),(140,'20140214','13:50:00',3,'','2014-02-14 19:27:17',NULL),(141,'20140213','12:00:00',2,'','2014-02-14 19:27:39',NULL),(142,'20140213','18:00:00',4,'','2014-02-14 19:27:52',NULL),(147,'20140217','07:50:00',NULL,'','2014-02-17 11:41:16',NULL),(148,'20140217','12:30:00',NULL,'','2014-02-18 01:38:28',NULL),(149,'20140217','15:30:00',NULL,'Levar Vanessa aeroporto','2014-02-18 01:38:46',NULL),(150,'20140217','19:00:00',NULL,'','2014-02-18 01:38:15',NULL),(151,'20140218','08:20:00',NULL,'','2014-02-18 11:27:52',NULL),(152,'20140218','14:00:00',NULL,'','2014-02-18 17:07:13',NULL),(153,'20140218','12:00:00',NULL,'','2014-02-18 17:07:28',NULL),(154,'20140218','18:00:00',NULL,'','2014-02-18 17:43:45',NULL),(155,'20140219','08:20:00',NULL,'','2014-02-19 11:34:19',NULL),(156,'20140219','14:00:00',NULL,'','2014-02-19 15:56:36',NULL),(157,'20140219','12:00:00',NULL,'','2014-02-19 15:56:46',NULL),(158,'20140219','18:00:00',NULL,'','2014-02-19 20:41:24',NULL),(161,'20140220','08:10:00',NULL,'','2014-02-20 11:43:26',NULL),(162,'20140220','12:00:00',NULL,'','2014-02-20 23:03:07',NULL),(163,'20140220','15:00:00',NULL,'','2014-02-20 23:03:13',NULL),(164,'20140220','18:15:00',NULL,'','2014-02-20 23:03:19',NULL),(165,'20140221','07:55:00',NULL,'','2014-02-21 13:00:23',NULL),(166,'20140221','12:00:00',NULL,'','2014-02-21 16:04:14',NULL),(167,'20140221','14:00:00',NULL,'','2014-02-21 16:04:25',NULL),(168,'20140221','18:00:00',NULL,'','2014-02-21 16:04:34',NULL),(169,'20140224','08:00:00',NULL,'','2014-02-24 17:05:27',NULL),(170,'20140224','12:00:00',NULL,'','2014-02-24 17:05:32',NULL),(171,'20140224','14:00:00',NULL,'','2014-02-24 17:05:40',NULL),(172,'20140224','17:30:00',NULL,'','2014-02-25 11:30:20',NULL),(173,'20140225','07:55:00',NULL,'','2014-02-25 11:30:32',NULL),(174,'20140225','12:00:00',NULL,'','2014-02-26 13:14:33',NULL),(175,'20140225','14:00:00',NULL,'','2014-02-26 13:14:41',NULL),(176,'20140225','17:45:00',NULL,'','2014-02-26 13:14:54',NULL),(177,'20140226','07:55:00',NULL,'','2014-02-26 13:15:01',NULL),(178,'20140226','12:00:00',NULL,'','2014-02-26 17:28:24',NULL),(179,'20140226','14:00:00',NULL,'','2014-02-26 17:28:33',NULL),(180,'20140226','17:40:00',NULL,'','2014-02-27 01:17:40',NULL),(181,'20140227','08:00:00',NULL,'','2014-02-27 11:20:34',NULL),(182,'20140227','12:00:00',NULL,'','2014-02-27 15:26:15',NULL),(183,'20140227','14:00:00',NULL,'','2014-02-27 18:07:37',NULL),(184,'20140227','17:45:00',NULL,'','2014-02-27 20:30:48',NULL),(185,'20140228','08:00:00',NULL,'','2014-02-28 11:55:22',NULL),(186,'20140228','12:00:00',NULL,'','2014-02-28 11:55:30',NULL),(187,'20140228','14:00:00',NULL,'','2014-02-28 11:55:36',NULL),(188,'20140228','17:45:00',NULL,'','2014-02-28 11:55:41',NULL),(189,'20140306','08:00:00',NULL,'','2014-03-06 11:36:07',NULL),(190,'20140306','12:00:00',NULL,'','2014-03-06 14:55:36',NULL),(191,'20140306','14:00:00',NULL,'','2014-03-06 17:05:20',NULL),(192,'20140306','18:00:00',NULL,'','2014-03-06 20:32:54',NULL),(193,'20140307','08:15:00',NULL,'','2014-03-07 11:17:43',NULL),(194,'20140307','12:00:00',NULL,'','2014-03-07 14:51:08',NULL),(196,'20140307','14:00:00',NULL,'','2014-03-07 16:58:50',NULL),(197,'20140307','18:00:00',NULL,'','2014-03-07 19:49:02',NULL);
/*!40000 ALTER TABLE `point` ENABLE KEYS */;
UNLOCK TABLES;

--
-- Table structure for table `worked_hours`
--

DROP TABLE IF EXISTS `worked_hours`;
/*!40101 SET @saved_cs_client     = @@character_set_client */;
/*!40101 SET character_set_client = utf8 */;
CREATE TABLE `worked_hours` (
  `date` varchar(8) NOT NULL,
  `hours` varchar(8) NOT NULL,
  PRIMARY KEY (`date`)
) ENGINE=InnoDB DEFAULT CHARSET=latin1;
/*!40101 SET character_set_client = @saved_cs_client */;

--
-- Dumping data for table `worked_hours`
--

LOCK TABLES `worked_hours` WRITE;
/*!40000 ALTER TABLE `worked_hours` DISABLE KEYS */;
INSERT INTO `worked_hours` VALUES ('20130123',''),('20130124',''),('20131203',''),('20131217',''),('20131218',''),('20140101',''),('20140102','07:15:00'),('20140103','08:00:00'),('20140106','00:00:00'),('20140107','00:00:00'),('20140108','00:00:00'),('20140109','00:00:00'),('20140110','00:00:00'),('20140112',''),('20140113','00:00:00'),('20140114','00:00:00'),('20140115','00:00:00'),('20140116','00:00:00'),('20140117','00:00:00'),('20140119',''),('20140120','08:10:00'),('20140121','08:10:00'),('20140122','08:10:00'),('20140123','08:55:00'),('20140124','09:10:00'),('20140127','08:10:00'),('20140128','09:30:00'),('20140129','08:45:00'),('20140130','08:25:00'),('20140131','10:00:00'),('20140201',''),('20140202',''),('20140203','08:00:00'),('20140204','08:00:00'),('20140205','08:15:00'),('20140206','08:50:00'),('20140207','08:20:00'),('20140210','08:10:00'),('20140211','07:00:00'),('20140212','08:05:00'),('20140213','08:10:00'),('20140214','08:10:00'),('20140215',''),('20140216',''),('20140217','08:10:00'),('20140218','07:40:00'),('20140219','07:40:00'),('20140220','07:05:00'),('20140221','08:05:00'),('20140223',''),('20140224','07:30:00'),('20140225','07:50:00'),('20140226','07:45:00'),('20140227','07:45:00'),('20140228','07:45:00'),('20140303',''),('20140304',''),('20140305',''),('20140306','08:00:00'),('20140307','07:45:00'),('20140426',''),('20140514',''),('20141121','');
/*!40000 ALTER TABLE `worked_hours` ENABLE KEYS */;
UNLOCK TABLES;
/*!40103 SET TIME_ZONE=@OLD_TIME_ZONE */;

/*!40101 SET SQL_MODE=@OLD_SQL_MODE */;
/*!40014 SET FOREIGN_KEY_CHECKS=@OLD_FOREIGN_KEY_CHECKS */;
/*!40014 SET UNIQUE_CHECKS=@OLD_UNIQUE_CHECKS */;
/*!40101 SET CHARACTER_SET_CLIENT=@OLD_CHARACTER_SET_CLIENT */;
/*!40101 SET CHARACTER_SET_RESULTS=@OLD_CHARACTER_SET_RESULTS */;
/*!40101 SET COLLATION_CONNECTION=@OLD_COLLATION_CONNECTION */;
/*!40111 SET SQL_NOTES=@OLD_SQL_NOTES */;

-- Dump completed on 2014-03-07 19:54:01
