-- MySQL dump 10.13  Distrib 5.5.22, for debian-linux-gnu (i686)
--
-- Host: localhost    Database: timesheet
-- ------------------------------------------------------
-- Server version	5.5.22-0ubuntu1

/*!40101 SET @OLD_CHARACTER_SET_CLIENT=@@CHARACTER_SET_CLIENT */;
/*!40101 SET @OLD_CHARACTER_SET_RESULTS=@@CHARACTER_SET_RESULTS */;
/*!40101 SET @OLD_COLLATION_CONNECTION=@@COLLATION_CONNECTION */;
/*!40101 SET NAMES utf8 */;
/*!40103 SET @OLD_TIME_ZONE=@@TIME_ZONE */;
/*!40103 SET TIME_ZONE='+00:00' */;
/*!40014 SET @OLD_UNIQUE_CHECKS=@@UNIQUE_CHECKS, UNIQUE_CHECKS=0 */;
/*!40014 SET @OLD_FOREIGN_KEY_CHECKS=@@FOREIGN_KEY_CHECKS, FOREIGN_KEY_CHECKS=0 */;
/*!40101 SET @OLD_SQL_MODE=@@SQL_MODE, SQL_MODE='NO_AUTO_VALUE_ON_ZERO' */;
/*!40111 SET @OLD_SQL_NOTES=@@SQL_NOTES, SQL_NOTES=0 */;

--
-- Table structure for table `config`
--

DROP TABLE IF EXISTS `config`;
/*!40101 SET @saved_cs_client     = @@character_set_client */;
/*!40101 SET character_set_client = utf8 */;
CREATE TABLE `config` (
  `id` int(11) NOT NULL AUTO_INCREMENT,
  `_key` varchar(100) NOT NULL,
  `value` varchar(100) NOT NULL DEFAULT ' ',
  PRIMARY KEY (`id`)
) ENGINE=InnoDB AUTO_INCREMENT=4 DEFAULT CHARSET=latin1;
/*!40101 SET character_set_client = @saved_cs_client */;

--
-- Dumping data for table `config`
--

LOCK TABLES `config` WRITE;
/*!40000 ALTER TABLE `config` DISABLE KEYS */;
INSERT INTO `config` VALUES (1,'Saldo inicial banco de horas (hrs)',' 31:06'),(2,'Jornada diária (hrs)',' 8'),(3,'Jornada semanal','1 2 3 4 5  ');
/*!40000 ALTER TABLE `config` ENABLE KEYS */;
UNLOCK TABLES;

--
-- Table structure for table `day_not_worked`
--

DROP TABLE IF EXISTS `day_not_worked`;
/*!40101 SET @saved_cs_client     = @@character_set_client */;
/*!40101 SET character_set_client = utf8 */;
CREATE TABLE `day_not_worked` (
  `date` varchar(8) NOT NULL,
  `reason` varchar(250) DEFAULT NULL,
  PRIMARY KEY (`date`)
) ENGINE=InnoDB DEFAULT CHARSET=latin1;
/*!40101 SET character_set_client = @saved_cs_client */;

--
-- Dumping data for table `day_not_worked`
--

LOCK TABLES `day_not_worked` WRITE;
/*!40000 ALTER TABLE `day_not_worked` DISABLE KEYS */;
INSERT INTO `day_not_worked` VALUES ('20140101','Feriado'),('20140106','Férias'),('20140107','Férias'),('20140108','Férias'),('20140109','Férias'),('20140110','Férias'),('20140113','Licença Gala'),('20140114','Licença Gala'),('20140115','Licença Gala'),('20140116','Licença Gala'),('20140117','Licença Gala'),('20140303','Recesso Carnaval'),('20140304','Recesso Carnaval'),('20140305','Recesso Carnaval'),('20140418','Sexta-Feira Santa'),('20140421','Tiradentes'),('20140422','Férias'),('20140423','Férias'),('20140424','Férias'),('20140425','Férias'),('20140501','Dia do Trabalho'),('20140502','Recesso'),('20140609','Centenário Foz '),('20140610','Recesso'),('20140619','Corpus Christi'),('20140620','Recesso'),('20140623','Recesso'),('20140624','São João'),('20141215','Férias'),('20141216','Férias'),('20141217','Férias'),('20141218','Férias'),('20141219','Férias'),('20141220','Férias'),('20141221','Férias'),('20141222','Férias'),('20150105','Férias'),('20150106','Férias'),('20150107','Férias'),('20150108','Férias'),('20150109','Férias'),('20150110','Férias'),('20150111','Férias'),('20150112','Férias'),('20150113','Férias'),('20150114','Férias'),('20150115','Férias'),('20150116','Férias'),('20150117','Férias'),('20150118','Férias'),('20150119','Férias'),('20150120','Férias'),('20150121','Férias'),('20150122','Férias');
/*!40000 ALTER TABLE `day_not_worked` ENABLE KEYS */;
UNLOCK TABLES;

--
-- Table structure for table `events`
--

DROP TABLE IF EXISTS `events`;
/*!40101 SET @saved_cs_client     = @@character_set_client */;
/*!40101 SET character_set_client = utf8 */;
CREATE TABLE `events` (
  `id` int(11) NOT NULL AUTO_INCREMENT,
  `description` varchar(100) NOT NULL,
  PRIMARY KEY (`id`)
) ENGINE=InnoDB AUTO_INCREMENT=6 DEFAULT CHARSET=latin1;
/*!40101 SET character_set_client = @saved_cs_client */;

--
-- Dumping data for table `events`
--

LOCK TABLES `events` WRITE;
/*!40000 ALTER TABLE `events` DISABLE KEYS */;
INSERT INTO `events` VALUES (1,'MÉDICO'),(2,'RECESSO'),(3,'FÉRIAS'),(4,'FERIADO'),(5,'LICENÇA GALA');
/*!40000 ALTER TABLE `events` ENABLE KEYS */;
UNLOCK TABLES;

--
-- Table structure for table `point`
--

DROP TABLE IF EXISTS `point`;
/*!40101 SET @saved_cs_client     = @@character_set_client */;
/*!40101 SET character_set_client = utf8 */;
CREATE TABLE `point` (
  `id` int(11) NOT NULL AUTO_INCREMENT,
  `date` varchar(8) NOT NULL,
  `schedule` time NOT NULL,
  `sequence` int(11) DEFAULT NULL,
  `note` varchar(400) DEFAULT NULL,
  `created` timestamp NOT NULL DEFAULT CURRENT_TIMESTAMP ON UPDATE CURRENT_TIMESTAMP,
  `event` int(11) DEFAULT NULL,
  PRIMARY KEY (`id`),
  UNIQUE KEY `date` (`date`,`sequence`),
  KEY `event` (`event`),
  CONSTRAINT `point_ibfk_1` FOREIGN KEY (`event`) REFERENCES `events` (`id`)
) ENGINE=InnoDB AUTO_INCREMENT=707 DEFAULT CHARSET=latin1;
/*!40101 SET character_set_client = @saved_cs_client */;

--
-- Dumping data for table `point`
--

LOCK TABLES `point` WRITE;
/*!40000 ALTER TABLE `point` DISABLE KEYS */;
INSERT INTO `point` VALUES (1,'20140203','08:00:00',1,NULL,'0000-00-00 00:00:00',NULL),(3,'20140203','12:00:00',2,NULL,'0000-00-00 00:00:00',NULL),(5,'20140203','14:00:00',3,NULL,'0000-00-00 00:00:00',NULL),(6,'20140203','18:00:00',4,NULL,'0000-00-00 00:00:00',NULL),(7,'20140204','08:00:00',1,NULL,'2014-02-04 19:05:47',NULL),(8,'20140204','12:00:00',2,NULL,'2014-02-04 19:05:53',NULL),(9,'20140204','14:00:00',3,NULL,'2014-02-04 19:05:59',NULL),(10,'20140204','18:00:00',4,NULL,'2014-02-04 19:06:05',NULL),(11,'20140205','07:55:00',1,NULL,'2014-02-05 16:42:39',NULL),(12,'20140205','12:00:00',2,NULL,'2014-02-05 16:42:56',NULL),(14,'20140205','13:50:00',3,'','2014-02-05 16:48:18',NULL),(19,'20140205','18:00:00',4,NULL,'2014-02-06 10:35:27',NULL),(20,'20140206','08:00:00',1,NULL,'2014-02-06 10:35:34',NULL),(21,'20140102','08:00:00',NULL,'','2014-02-18 11:31:44',NULL),(22,'20140102','12:00:00',NULL,'','2014-02-18 11:31:49',NULL),(23,'20140102','13:45:00',NULL,'','2014-02-18 11:31:53',NULL),(24,'20140102','17:00:00',NULL,'','2014-02-18 11:31:57',NULL),(25,'20140103','09:00:00',NULL,'','2014-02-18 11:32:07',NULL),(26,'20140103','12:00:00',NULL,'','2014-02-18 11:32:11',NULL),(27,'20140103','13:00:00',NULL,'','2014-02-18 11:32:15',NULL),(28,'20140103','18:00:00',NULL,'','2014-02-18 11:32:19',NULL),(29,'20140106','00:00:00',1,'Férias','2014-02-18 11:30:40',3),(30,'20140106','00:00:00',2,'Férias','2014-02-18 11:30:40',3),(31,'20140106','00:00:00',3,'Férias','2014-02-18 11:30:40',3),(32,'20140106','00:00:00',4,'Férias','2014-02-18 11:30:40',3),(33,'20140107','00:00:00',1,'Férias','2014-02-18 11:30:40',3),(34,'20140107','00:00:00',2,'Férias','2014-02-18 11:30:40',3),(35,'20140107','00:00:00',3,'Férias','2014-02-18 11:30:40',3),(36,'20140107','00:00:00',4,'Férias','2014-02-18 11:30:40',3),(37,'20140108','00:00:00',1,'Férias','2014-02-18 11:30:40',3),(38,'20140108','00:00:00',2,'Férias','2014-02-18 11:30:40',3),(39,'20140108','00:00:00',3,'Férias','2014-02-18 11:30:40',3),(40,'20140108','00:00:00',4,'Férias','2014-02-18 11:30:40',3),(41,'20140109','00:00:00',1,'Férias','2014-02-18 11:30:40',3),(42,'20140109','00:00:00',2,'Férias','2014-02-18 11:30:40',3),(43,'20140109','00:00:00',3,'Férias','2014-02-18 11:30:40',3),(44,'20140109','00:00:00',4,'Férias','2014-02-18 11:30:40',3),(45,'20140110','00:00:00',1,'Férias','2014-02-18 11:30:40',3),(46,'20140110','00:00:00',2,'Férias','2014-02-18 11:30:40',3),(47,'20140110','00:00:00',3,'Férias','2014-02-18 11:30:40',3),(48,'20140110','00:00:00',4,'Férias','2014-02-18 11:30:40',3),(49,'20140113','00:00:00',1,'Licença Gala','2014-02-18 11:31:11',5),(50,'20140113','00:00:00',2,'Licença Gala','2014-02-18 11:31:11',5),(51,'20140113','00:00:00',3,'Licença Gala','2014-02-18 11:31:11',5),(52,'20140113','00:00:00',4,'Licença Gala','2014-02-18 11:31:11',5),(53,'20140114','00:00:00',1,'Licença Gala','2014-02-18 11:31:11',5),(54,'20140114','00:00:00',2,'Licença Gala','2014-02-18 11:31:11',5),(55,'20140114','00:00:00',3,'Licença Gala','2014-02-18 11:31:11',5),(56,'20140114','00:00:00',4,'Licença Gala','2014-02-18 11:31:11',5),(57,'20140115','00:00:00',1,'Licença Gala','2014-02-18 11:31:11',5),(58,'20140115','00:00:00',2,'Licença Gala','2014-02-18 11:31:11',5),(59,'20140115','00:00:00',3,'Licença Gala','2014-02-18 11:31:11',5),(60,'20140115','00:00:00',4,'Licença Gala','2014-02-18 11:31:11',5),(61,'20140116','00:00:00',1,'Licença Gala','2014-02-18 11:31:11',5),(62,'20140116','00:00:00',2,'Licença Gala','2014-02-18 11:31:11',5),(63,'20140116','00:00:00',3,'Licença Gala','2014-02-18 11:31:11',5),(64,'20140116','00:00:00',4,'Licença Gala','2014-02-18 11:31:11',5),(65,'20140117','00:00:00',1,'Licença Gala','2014-02-18 11:31:11',5),(66,'20140117','00:00:00',2,'Licença Gala','2014-02-18 11:31:11',5),(67,'20140117','00:00:00',3,'Licença Gala','2014-02-18 11:31:11',5),(68,'20140117','00:00:00',4,'Licença Gala','2014-02-18 11:31:11',5),(69,'20140120','07:50:00',1,'','2014-02-06 11:07:27',NULL),(70,'20140120','12:00:00',2,'','2014-02-06 11:07:27',NULL),(71,'20140120','14:00:00',3,'','2014-02-06 11:07:27',NULL),(72,'20140120','18:00:00',4,'','2014-02-06 11:07:27',NULL),(73,'20140121','07:50:00',1,'','2014-02-06 11:07:27',NULL),(74,'20140121','12:00:00',2,'','2014-02-06 11:07:27',NULL),(75,'20140121','14:00:00',3,'','2014-02-06 11:07:27',NULL),(76,'20140121','18:00:00',4,'','2014-02-06 11:07:27',NULL),(77,'20140122','08:00:00',1,'','2014-02-06 11:07:27',NULL),(78,'20140122','12:00:00',2,'','2014-02-06 11:07:27',NULL),(79,'20140122','13:50:00',3,'','2014-02-06 11:07:28',NULL),(80,'20140122','18:00:00',4,'','2014-02-06 11:07:28',NULL),(81,'20140123','08:15:00',1,'','2014-02-06 11:07:28',NULL),(82,'20140123','12:00:00',2,'','2014-02-06 11:07:28',NULL),(83,'20140123','13:50:00',3,'','2014-02-06 11:07:28',NULL),(84,'20140123','19:00:00',4,'','2014-02-06 11:07:28',NULL),(85,'20140124','08:00:00',1,'','2014-02-06 11:07:28',NULL),(86,'20140124','12:00:00',2,'','2014-02-06 11:07:28',NULL),(87,'20140124','13:50:00',3,'','2014-02-06 11:07:28',NULL),(88,'20140124','19:00:00',4,'','2014-02-06 11:07:28',NULL),(89,'20140127','08:30:00',1,'','2014-02-06 11:07:28',NULL),(90,'20140127','12:20:00',2,'','2014-02-06 11:07:28',NULL),(91,'20140127','13:40:00',3,'','2014-02-06 11:07:28',NULL),(92,'20140127','18:00:00',4,'','2014-02-06 11:07:28',NULL),(93,'20140128','07:45:00',1,'','2014-02-06 11:07:28',NULL),(94,'20140128','12:00:00',2,'','2014-02-06 11:07:28',NULL),(95,'20140128','13:00:00',3,'','2014-02-06 11:07:28',NULL),(96,'20140128','18:15:00',4,'','2014-02-06 11:07:28',NULL),(97,'20140129','07:45:00',1,'','2014-02-06 11:07:28',NULL),(98,'20140129','12:00:00',2,'','2014-02-06 11:07:28',NULL),(99,'20140129','13:30:00',3,'','2014-02-06 11:07:28',NULL),(100,'20140129','18:00:00',4,'','2014-02-06 11:07:28',NULL),(101,'20140130','07:45:00',1,'','2014-02-06 11:07:29',NULL),(102,'20140130','12:00:00',2,'','2014-02-06 11:07:29',NULL),(103,'20140130','13:00:00',3,'','2014-02-06 11:07:29',NULL),(104,'20140130','17:10:00',4,'','2014-02-06 11:07:29',NULL),(105,'20140131','08:00:00',1,'','2014-02-06 11:07:29',NULL),(106,'20140131','12:00:00',2,'','2014-02-06 11:07:29',NULL),(107,'20140131','14:00:00',3,'','2014-02-06 11:07:29',NULL),(108,'20140131','20:00:00',4,'PELA MANHÃ ATESTADO MÉDICO - INFECÇÃO OUVIDO','2014-02-06 11:07:30',NULL),(109,'20140207','08:00:00',1,'','2014-02-07 12:29:59',NULL),(110,'20140206','12:00:00',2,'','2014-02-07 12:30:30',NULL),(111,'20140206','13:00:00',3,'','2014-02-07 12:30:37',NULL),(112,'20140206','17:50:00',4,'','2014-02-07 12:30:46',NULL),(113,'20140210','07:50:00',1,'','2014-02-10 16:10:24',NULL),(114,'20140207','12:00:00',2,'','2014-02-10 10:24:55',NULL),(115,'20140207','13:30:00',3,'','2014-02-10 10:25:06',NULL),(116,'20140207','17:50:00',4,'','2014-02-10 10:25:13',NULL),(117,'20140210','14:00:00',3,'','2014-02-10 16:09:46',NULL),(118,'20140210','12:00:00',2,'','2014-02-10 16:10:43',NULL),(119,'20140211','08:00:00',1,'','2014-02-11 10:54:05',NULL),(120,'20140210','18:00:00',4,'','2014-02-11 10:54:29',NULL),(121,'20140211','12:00:00',2,'','2014-02-11 10:54:46',NULL),(122,'20140211','15:00:00',3,'LEVAR DIEGO RODOVIÁRIA','2014-02-11 10:55:01',NULL),(123,'20140212','07:55:00',1,'','2014-02-12 10:14:04',NULL),(124,'20140211','18:00:00',4,'','2014-02-12 10:14:24',NULL),(130,'20140213','08:00:00',1,'','2014-02-13 18:47:33',NULL),(133,'20140212','12:00:00',2,'','2014-02-14 18:30:31',NULL),(134,'20140212','14:00:00',3,'','2014-02-14 18:30:53',NULL),(135,'20140212','18:00:00',4,'','2014-02-14 18:31:05',NULL),(136,'20140214','08:00:00',1,'','2014-02-14 22:56:53',NULL),(137,'20140214','12:00:00',2,'','2014-02-14 19:26:24',NULL),(138,'20140213','13:50:00',3,'','2014-02-14 19:26:38',NULL),(139,'20140214','18:00:00',4,'','2014-02-14 19:26:47',NULL),(140,'20140214','13:50:00',3,'','2014-02-14 19:27:17',NULL),(141,'20140213','12:00:00',2,'','2014-02-14 19:27:39',NULL),(142,'20140213','18:00:00',4,'','2014-02-14 19:27:52',NULL),(147,'20140217','07:50:00',NULL,'','2014-02-17 11:41:16',NULL),(148,'20140217','12:30:00',NULL,'','2014-02-18 01:38:28',NULL),(149,'20140217','15:30:00',NULL,'Levar Vanessa aeroporto','2014-02-18 01:38:46',NULL),(150,'20140217','19:00:00',NULL,'','2014-02-18 01:38:15',NULL),(151,'20140218','08:20:00',NULL,'','2014-02-18 11:27:52',NULL),(152,'20140218','14:00:00',NULL,'','2014-02-18 17:07:13',NULL),(153,'20140218','12:00:00',NULL,'','2014-02-18 17:07:28',NULL),(154,'20140218','18:00:00',NULL,'','2014-02-18 17:43:45',NULL),(155,'20140219','08:20:00',NULL,'','2014-02-19 11:34:19',NULL),(156,'20140219','14:00:00',NULL,'','2014-02-19 15:56:36',NULL),(157,'20140219','12:00:00',NULL,'','2014-02-19 15:56:46',NULL),(158,'20140219','18:00:00',NULL,'','2014-02-19 20:41:24',NULL),(161,'20140220','08:10:00',NULL,'','2014-02-20 11:43:26',NULL),(162,'20140220','12:00:00',NULL,'','2014-02-20 23:03:07',NULL),(163,'20140220','15:00:00',NULL,'','2014-02-20 23:03:13',NULL),(164,'20140220','18:15:00',NULL,'','2014-02-20 23:03:19',NULL),(165,'20140221','07:55:00',NULL,'','2014-02-21 13:00:23',NULL),(166,'20140221','12:00:00',NULL,'','2014-02-21 16:04:14',NULL),(167,'20140221','14:00:00',NULL,'','2014-02-21 16:04:25',NULL),(168,'20140221','18:00:00',NULL,'','2014-02-21 16:04:34',NULL),(169,'20140224','08:00:00',NULL,'','2014-02-24 17:05:27',NULL),(170,'20140224','12:00:00',NULL,'','2014-02-24 17:05:32',NULL),(171,'20140224','14:00:00',NULL,'','2014-02-24 17:05:40',NULL),(172,'20140224','17:30:00',NULL,'','2014-02-25 11:30:20',NULL),(173,'20140225','07:55:00',NULL,'','2014-02-25 11:30:32',NULL),(174,'20140225','12:00:00',NULL,'','2014-02-26 13:14:33',NULL),(175,'20140225','14:00:00',NULL,'','2014-02-26 13:14:41',NULL),(176,'20140225','17:45:00',NULL,'','2014-02-26 13:14:54',NULL),(177,'20140226','07:55:00',NULL,'','2014-02-26 13:15:01',NULL),(178,'20140226','12:00:00',NULL,'','2014-02-26 17:28:24',NULL),(179,'20140226','14:00:00',NULL,'','2014-02-26 17:28:33',NULL),(180,'20140226','17:40:00',NULL,'','2014-02-27 01:17:40',NULL),(181,'20140227','08:00:00',NULL,'','2014-02-27 11:20:34',NULL),(182,'20140227','12:00:00',NULL,'','2014-02-27 15:26:15',NULL),(183,'20140227','14:00:00',NULL,'','2014-02-27 18:07:37',NULL),(184,'20140227','17:45:00',NULL,'','2014-02-27 20:30:48',NULL),(185,'20140228','08:00:00',NULL,'','2014-02-28 11:55:22',NULL),(186,'20140228','12:00:00',NULL,'','2014-02-28 11:55:30',NULL),(187,'20140228','14:00:00',NULL,'','2014-02-28 11:55:36',NULL),(188,'20140228','17:45:00',NULL,'','2014-02-28 11:55:41',NULL),(189,'20140306','08:00:00',NULL,'','2014-03-06 11:36:07',NULL),(190,'20140306','12:00:00',NULL,'','2014-03-06 14:55:36',NULL),(191,'20140306','14:00:00',NULL,'','2014-03-06 17:05:20',NULL),(192,'20140306','18:00:00',NULL,'','2014-03-06 20:32:54',NULL),(193,'20140307','08:15:00',NULL,'','2014-03-07 11:17:43',NULL),(194,'20140307','12:00:00',NULL,'','2014-03-07 14:51:08',NULL),(196,'20140307','14:00:00',NULL,'','2014-03-07 16:58:50',NULL),(197,'20140307','18:00:00',NULL,'','2014-03-07 19:49:02',NULL),(198,'20140310','13:50:00',NULL,'','2014-03-10 17:01:28',NULL),(199,'20140310','18:00:00',NULL,'','2014-03-10 17:01:33',NULL),(200,'20140311','14:00:00',NULL,'','2014-03-11 18:37:23',NULL),(201,'20140311','18:00:00',NULL,'','2014-03-11 18:37:28',NULL),(202,'20140312','14:00:00',NULL,'','2014-03-12 17:35:29',NULL),(203,'20140312','18:00:00',NULL,'','2014-03-12 17:35:35',NULL),(204,'20140313','14:00:00',NULL,'','2014-03-13 17:01:36',NULL),(205,'20140313','18:00:00',NULL,'','2014-03-13 17:01:41',NULL),(206,'20140314','14:00:00',NULL,'','2014-03-14 17:15:13',NULL),(207,'20140314','18:00:00',NULL,'','2014-03-14 17:15:18',NULL),(208,'20140317','08:00:00',NULL,'','2014-03-17 11:04:06',NULL),(209,'20140317','12:00:00',NULL,'','2014-03-17 17:03:15',NULL),(210,'20140317','14:00:00',NULL,'','2014-03-17 17:03:19',NULL),(211,'20140317','17:00:00',NULL,'','2014-03-17 18:00:14',NULL),(212,'20140318','08:10:00',NULL,'','2014-03-18 11:22:35',NULL),(213,'20140318','14:00:00',NULL,'','2014-03-18 17:50:00',NULL),(214,'20140318','12:00:00',NULL,'','2014-03-18 20:21:33',NULL),(215,'20140318','17:40:00',NULL,'','2014-03-18 20:21:39',NULL),(216,'20140319','07:50:00',NULL,'','2014-03-19 11:05:29',NULL),(217,'20140319','12:00:00',NULL,'','2014-03-19 18:36:34',NULL),(218,'20140319','14:00:00',NULL,'','2014-03-19 18:36:39',NULL),(219,'20140319','17:40:00',NULL,'','2014-03-20 11:15:22',NULL),(220,'20140320','08:10:00',NULL,'','2014-03-20 11:15:32',NULL),(221,'20140320','12:00:00',NULL,'','2014-03-20 17:52:55',NULL),(222,'20140320','14:00:00',NULL,'','2014-03-20 17:53:06',NULL),(223,'20140321','08:10:00',NULL,'','2014-03-21 11:21:03',NULL),(224,'20140320','17:40:00',NULL,'','2014-03-21 11:26:54',NULL),(225,'20140321','12:10:00',NULL,'','2014-03-21 18:04:53',NULL),(226,'20140321','14:00:00',NULL,'','2014-03-21 18:04:58',NULL),(227,'20140321','18:00:00',NULL,'','2014-03-21 21:01:00',NULL),(228,'20140324','08:10:00',NULL,'','2014-03-24 11:11:56',NULL),(229,'20140324','12:00:00',NULL,'','2014-03-24 19:43:42',NULL),(230,'20140324','14:00:00',NULL,'','2014-03-24 19:43:47',NULL),(231,'20140325','07:55:00',NULL,'','2014-03-25 11:11:00',NULL),(232,'20140324','18:00:00',NULL,'','2014-03-25 11:11:10',NULL),(233,'20140326','07:50:00',NULL,'','2014-03-26 11:35:40',NULL),(234,'20140325','12:00:00',NULL,'','2014-03-26 11:35:48',NULL),(235,'20140325','13:50:00',NULL,'','2014-03-26 11:36:19',NULL),(236,'20140325','18:30:00',NULL,'','2014-03-26 11:35:58',NULL),(237,'20140326','12:00:00',NULL,'','2014-03-26 20:11:24',NULL),(238,'20140326','13:50:00',NULL,'','2014-03-26 20:11:30',NULL),(239,'20140326','18:30:00',NULL,'','2014-03-27 11:48:05',NULL),(240,'20140327','08:00:00',NULL,'','2014-03-28 11:39:27',NULL),(241,'20140327','12:00:00',NULL,'','2014-03-28 11:39:36',NULL),(242,'20140327','13:50:00',NULL,'','2014-03-28 11:39:42',NULL),(243,'20140327','18:10:00',NULL,'','2014-03-28 11:39:48',NULL),(244,'20140328','08:05:00',NULL,'','2014-03-28 16:52:26',NULL),(245,'20140328','12:00:00',NULL,'','2014-03-28 16:52:31',NULL),(246,'20140328','13:50:00',NULL,'','2014-03-28 16:52:45',NULL),(247,'20140328','16:10:00',NULL,'','2014-03-28 19:09:14',NULL),(248,'20140331','08:00:00',NULL,'','2014-03-31 17:54:20',NULL),(249,'20140331','12:00:00',NULL,'','2014-03-31 17:54:26',NULL),(250,'20140331','13:55:00',NULL,'','2014-03-31 17:54:32',NULL),(251,'20140331','18:04:00',NULL,'','2014-04-01 11:04:08',NULL),(252,'20140401','07:55:00',NULL,'','2014-04-01 11:04:57',NULL),(253,'20140402','08:00:00',NULL,'','2014-04-02 11:05:35',NULL),(254,'20140401','12:00:00',NULL,'','2014-04-02 11:05:42',NULL),(255,'20140401','13:55:00',NULL,'','2014-04-02 11:05:47',NULL),(256,'20140401','18:10:00',NULL,'','2014-04-02 11:05:53',NULL),(257,'20140402','12:00:00',NULL,'','2014-04-04 02:41:53',NULL),(258,'20140402','14:00:00',NULL,'','2014-04-04 10:57:46',NULL),(259,'20140402','18:00:00',NULL,'','2014-04-04 10:57:52',NULL),(260,'20140403','07:55:00',NULL,'','2014-04-04 10:58:06',NULL),(261,'20140403','12:00:00',NULL,'','2014-04-04 02:42:40',NULL),(262,'20140403','14:00:00',NULL,'','2014-04-04 02:42:49',NULL),(263,'20140403','18:30:00',NULL,'','2014-04-04 02:43:22',NULL),(264,'20140404','07:55:00',NULL,'','2014-04-04 10:57:02',NULL),(265,'20140404','12:10:00',NULL,'','2014-04-04 21:08:38',NULL),(266,'20140404','14:00:00',NULL,'','2014-04-04 21:09:10',NULL),(267,'20140404','18:10:00',NULL,'','2014-04-04 21:09:14',NULL),(268,'20140407','08:00:00',NULL,'','2014-04-08 11:17:25',NULL),(269,'20140407','11:40:00',NULL,'','2014-04-08 11:17:37',NULL),(270,'20140407','13:35:00',NULL,'','2014-04-08 11:17:44',NULL),(271,'20140407','18:05:00',NULL,'','2014-04-08 11:17:49',NULL),(272,'20140408','08:10:00',NULL,'','2014-04-08 11:18:10',NULL),(273,'20140408','12:00:00',NULL,'','2014-04-08 16:32:23',NULL),(274,'20140408','13:30:00',NULL,'','2014-04-08 16:32:29',NULL),(275,'20140408','18:00:00',NULL,'','2014-04-08 20:57:46',NULL),(276,'20140409','08:00:00',NULL,'','2014-04-09 11:36:48',NULL),(277,'20140409','11:40:00',NULL,'','2014-04-09 16:48:01',NULL),(278,'20140409','13:30:00',NULL,'','2014-04-09 16:48:11',NULL),(279,'20140409','18:00:00',NULL,'','2014-04-10 11:03:09',NULL),(280,'20140410','08:00:00',NULL,'','2014-04-10 11:03:17',NULL),(281,'20140410','12:00:00',NULL,'','2014-04-10 22:43:37',NULL),(282,'20140410','13:50:00',NULL,'','2014-04-10 22:43:45',NULL),(283,'20140410','19:45:00',NULL,'Ajustanto sql relatórios bolsa','2014-04-10 22:44:04',NULL),(284,'20140411','08:00:00',NULL,'','2014-04-11 11:00:52',NULL),(285,'20140411','12:00:00',NULL,'','2014-04-14 11:42:00',NULL),(286,'20140411','13:50:00',NULL,'','2014-04-14 11:42:07',NULL),(287,'20140411','17:55:00',NULL,'','2014-04-14 11:42:15',NULL),(288,'20140414','07:50:00',NULL,'','2014-04-14 17:01:20',NULL),(289,'20140414','12:00:00',NULL,'','2014-04-14 17:01:25',NULL),(290,'20140414','13:50:00',NULL,'','2014-04-14 17:01:29',NULL),(291,'20140415','08:00:00',NULL,'','2014-04-15 12:53:56',NULL),(292,'20140415','12:00:00',NULL,'','2014-04-15 16:54:06',NULL),(293,'20140415','13:50:00',NULL,'','2014-04-15 16:54:13',NULL),(294,'20140414','18:00:00',NULL,'','2014-04-16 11:12:53',NULL),(295,'20140415','17:30:00',NULL,'','2014-04-16 11:13:11',NULL),(296,'20140416','08:10:00',NULL,'','2014-04-16 11:13:16',NULL),(297,'20140416','12:05:00',NULL,'','2014-04-16 21:04:13',NULL),(298,'20140416','13:50:00',NULL,'','2014-04-16 21:04:24',NULL),(299,'20140416','19:45:00',NULL,'','2014-04-16 22:37:04',NULL),(300,'20140417','08:00:00',NULL,'','2014-04-17 11:25:51',NULL),(301,'20140417','12:00:00',NULL,'','2014-04-17 14:57:24',NULL),(302,'20140417','13:55:00',NULL,'','2014-04-17 17:00:27',NULL),(303,'20140417','17:35:00',NULL,'','2014-04-17 20:32:14',NULL),(304,'20140428','08:05:00',NULL,'','2014-04-28 20:04:50',NULL),(305,'20140428','12:00:00',NULL,'','2014-04-28 20:04:54',NULL),(306,'20140428','13:55:00',NULL,'','2014-04-28 20:05:00',NULL),(307,'20140428','18:00:00',NULL,'','2014-04-28 20:05:05',NULL),(308,'20140429','09:00:00',NULL,'','2014-04-29 12:02:51',NULL),(309,'20140429','12:00:00',NULL,'','2014-04-29 16:28:49',NULL),(310,'20140429','13:00:00',NULL,'','2014-04-29 16:28:54',NULL),(311,'20140429','17:30:00',NULL,'','2014-04-29 16:29:01',NULL),(312,'20140430','08:05:00',NULL,'','2014-04-30 19:26:28',NULL),(313,'20140430','12:00:00',NULL,'','2014-04-30 19:26:39',NULL),(314,'20140430','14:00:00',NULL,'','2014-04-30 19:26:43',NULL),(315,'20140505','08:00:00',NULL,'','2014-05-05 11:05:20',NULL),(316,'20140430','17:50:00',NULL,'','2014-05-05 11:05:43',NULL),(317,'20140505','12:40:00',NULL,'Reunião Biblioteca PTI','2014-05-06 11:26:56',NULL),(318,'20140505','14:00:00',NULL,'','2014-05-05 17:18:03',NULL),(319,'20140505','17:45:00',NULL,'','2014-05-06 11:26:39',NULL),(320,'20140506','08:30:00',NULL,'Vim apé','2014-05-06 11:27:12',NULL),(321,'20140506','12:10:00',NULL,'','2014-05-06 18:17:58',NULL),(322,'20140506','14:00:00',NULL,'','2014-05-06 18:18:03',NULL),(323,'20140506','18:10:00',NULL,'','2014-05-07 11:24:07',NULL),(324,'20140507','08:20:00',NULL,'','2014-05-07 11:24:54',NULL),(325,'20140507','12:00:00',NULL,'','2014-05-07 19:33:18',NULL),(326,'20140507','14:00:00',NULL,'','2014-05-07 19:33:22',NULL),(327,'20140507','17:10:00',NULL,'','2014-05-08 11:25:18',NULL),(328,'20140508','08:10:00',NULL,'','2014-05-08 11:25:56',NULL),(329,'20140508','11:30:00',NULL,'Buscar máquina de pão','2014-05-08 17:11:11',NULL),(330,'20140508','14:00:00',NULL,'','2014-05-08 17:11:17',NULL),(331,'20140508','18:00:00',NULL,'','2014-05-09 11:33:50',NULL),(332,'20140509','08:00:00',NULL,'','2014-05-09 11:33:56',NULL),(333,'20140509','12:00:00',NULL,'','2014-05-09 17:12:04',NULL),(334,'20140509','14:00:00',NULL,'','2014-05-09 17:12:09',NULL),(335,'20140509','17:45:00',NULL,'','2014-05-12 17:47:54',NULL),(336,'20140512','08:00:00',NULL,'','2014-05-12 17:48:12',NULL),(337,'20140512','12:05:00',NULL,'','2014-05-12 17:48:18',NULL),(338,'20140512','13:50:00',NULL,'','2014-05-12 17:48:22',NULL),(339,'20140512','18:00:00',NULL,'','2014-05-13 11:10:10',NULL),(340,'20140513','07:50:00',NULL,'','2014-05-13 11:10:19',NULL),(341,'20140513','12:00:00',NULL,'','2014-05-15 11:20:31',NULL),(342,'20140513','14:00:00',NULL,'','2014-05-15 11:19:45',NULL),(343,'20140513','18:05:00',NULL,'','2014-05-15 11:20:41',NULL),(344,'20140514','08:15:00',NULL,'','2014-05-15 11:20:06',NULL),(345,'20140514','12:15:00',NULL,'','2014-05-15 11:20:13',NULL),(346,'20140514','14:00:00',NULL,'','2014-05-15 11:20:17',NULL),(347,'20140514','18:10:00',NULL,'','2014-05-15 11:20:22',NULL),(348,'20140515','08:05:00',NULL,'','2014-05-15 11:20:53',NULL),(349,'20140515','12:05:00',NULL,'','2014-05-15 18:10:16',NULL),(350,'20140515','14:00:00',NULL,'','2014-05-15 18:10:24',NULL),(351,'20140515','18:00:00',NULL,'','2014-05-16 10:59:59',NULL),(352,'20140516','07:50:00',NULL,'','2014-05-16 11:01:07',NULL),(353,'20140516','12:00:00',NULL,'','2014-05-16 17:04:49',NULL),(354,'20140516','14:00:00',NULL,'','2014-05-16 17:04:54',NULL),(355,'20140516','18:10:00',NULL,'','2014-05-16 20:57:25',NULL),(356,'20140519','08:00:00',NULL,'','2014-05-19 11:06:31',NULL),(357,'20140519','12:10:00',NULL,'','2014-05-19 17:22:10',NULL),(358,'20140519','14:00:00',NULL,'','2014-05-19 17:22:15',NULL),(359,'20140519','18:05:00',NULL,'','2014-05-20 11:05:23',NULL),(360,'20140520','08:00:00',NULL,'','2014-05-20 11:05:31',NULL),(361,'20140520','12:00:00',NULL,'','2014-05-20 14:49:45',NULL),(362,'20140520','13:55:00',NULL,'','2014-05-20 17:25:04',NULL),(363,'20140520','17:45:00',NULL,'','2014-05-20 20:34:51',NULL),(364,'20140521','08:00:00',NULL,'','2014-05-21 11:06:40',NULL),(365,'20140521','12:00:00',NULL,'','2014-05-21 18:44:18',NULL),(366,'20140521','14:00:00',NULL,'','2014-05-21 18:44:23',NULL),(367,'20140521','18:05:00',NULL,'','2014-05-22 11:12:45',NULL),(368,'20140522','08:05:00',NULL,'','2014-05-22 11:12:53',NULL),(369,'20140522','12:00:00',NULL,'','2014-05-22 17:02:32',NULL),(370,'20140522','14:00:00',NULL,'','2014-05-22 17:02:37',NULL),(371,'20140522','18:00:00',NULL,'','2014-05-23 11:10:43',NULL),(372,'20140523','08:05:00',NULL,'','2014-05-23 11:10:56',NULL),(373,'20140523','12:00:00',NULL,'','2014-05-23 18:19:21',NULL),(374,'20140523','13:55:00',NULL,'','2014-05-23 18:19:28',NULL),(375,'20140523','18:05:00',NULL,'','2014-05-23 20:38:40',NULL),(376,'20140526','08:00:00',NULL,'','2014-05-26 20:05:40',NULL),(377,'20140526','12:00:00',NULL,'','2014-05-26 20:05:45',NULL),(378,'20140526','13:55:00',NULL,'','2014-05-26 20:06:10',NULL),(379,'20140526','19:35:00',NULL,'Atualização SIG','2014-05-27 13:40:57',NULL),(380,'20140527','08:00:00',NULL,'','2014-05-27 18:53:25',NULL),(381,'20140527','12:00:00',NULL,'','2014-05-27 18:53:30',NULL),(382,'20140527','13:55:00',NULL,'','2014-05-27 18:53:35',NULL),(383,'20140602','08:00:00',NULL,'','2014-06-03 01:41:14',NULL),(384,'20140602','11:55:00',NULL,'','2014-06-03 01:41:24',NULL),(385,'20140602','13:55:00',NULL,'','2014-06-03 01:41:33',NULL),(386,'20140602','18:30:00',NULL,'','2014-06-03 01:41:50',NULL),(387,'20140529','08:00:00',NULL,'Treinamento dia todo','2014-07-14 17:11:49',NULL),(388,'20140529','12:00:00',NULL,'','2014-06-03 01:43:02',NULL),(389,'20140603','07:50:00',NULL,'','2014-06-03 23:20:18',NULL),(390,'20140603','11:55:00',NULL,'','2014-06-03 23:20:26',NULL),(391,'20140603','13:55:00',NULL,'','2014-06-03 23:20:37',NULL),(392,'20140603','18:10:00',NULL,'','2014-06-03 23:20:48',NULL),(393,'20140604','08:00:00',NULL,'','2014-06-04 21:20:43',NULL),(394,'20140604','12:00:00',NULL,'','2014-06-04 21:20:58',NULL),(395,'20140604','14:10:00',NULL,'','2014-06-04 21:21:12',NULL),(396,'20140604','18:30:00',NULL,'','2014-06-04 21:21:22',NULL),(397,'20140605','08:00:00',NULL,'','2014-06-07 01:45:54',NULL),(398,'20140605','11:50:00',NULL,'','2014-06-07 01:46:06',NULL),(399,'20140605','14:00:00',NULL,'','2014-06-07 01:46:24',NULL),(400,'20140605','18:20:00',NULL,'','2014-06-07 01:46:38',NULL),(401,'20140606','08:05:00',NULL,'','2014-06-07 01:47:00',NULL),(402,'20140606','12:00:00',NULL,'','2014-06-07 01:47:13',NULL),(403,'20140606','13:50:00',NULL,'','2014-06-07 01:47:28',NULL),(404,'20140606','17:50:00',NULL,'','2014-06-07 01:47:47',NULL),(405,'20140611','07:55:00',NULL,'','2014-06-11 20:48:46',NULL),(406,'20140611','12:00:00',NULL,'','2014-06-11 20:48:51',NULL),(407,'20140611','13:55:00',NULL,'','2014-06-11 20:48:56',NULL),(408,'20140611','17:55:00',NULL,'','2014-06-11 20:49:00',NULL),(409,'20140612','08:00:00',NULL,'','2014-06-12 11:07:32',NULL),(410,'20140612','12:30:00',NULL,'Jogo Brasil\r\n','2014-06-13 11:37:09',NULL),(411,'20140616','07:45:00',NULL,'','2014-06-16 11:42:19',NULL),(412,'20140613','08:00:00',NULL,'','2014-06-16 11:42:36',NULL),(413,'20140613','12:00:00',NULL,'','2014-06-16 11:42:46',NULL),(414,'20140613','14:00:00',NULL,'','2014-06-16 11:42:51',NULL),(415,'20140613','18:10:00',NULL,'','2014-06-16 11:42:57',NULL),(416,'20140616','12:00:00',NULL,'','2014-06-16 19:55:17',NULL),(417,'20140616','13:00:00',NULL,'reunião biblioteca pti','2014-06-16 19:55:37',NULL),(418,'20140616','18:20:00',NULL,'','2014-06-17 13:27:59',NULL),(419,'20140617','07:55:00',NULL,'','2014-06-17 14:18:01',NULL),(420,'20140617','11:30:00',NULL,'Jogo do Brasil','2014-06-27 23:45:42',NULL),(421,'20140618','08:20:00',NULL,'','2014-06-18 12:01:57',NULL),(422,'20140618','12:00:00',NULL,'','2014-06-27 23:45:51',NULL),(423,'20140618','13:50:00',NULL,'','2014-06-27 23:45:56',NULL),(424,'20140618','18:00:00',NULL,'','2014-06-27 23:46:02',NULL),(425,'20140625','07:50:00',NULL,'','2014-06-27 23:46:09',NULL),(426,'20140625','11:55:00',NULL,'','2014-06-27 23:46:14',NULL),(427,'20140625','14:00:00',NULL,'','2014-06-27 23:46:24',NULL),(428,'20140625','18:00:00',NULL,'','2014-06-27 23:46:32',NULL),(429,'20140626','08:00:00',NULL,'','2014-06-27 23:46:42',NULL),(430,'20140626','12:00:00',NULL,'','2014-06-27 23:46:47',NULL),(431,'20140626','14:00:00',NULL,'','2014-06-27 23:46:52',NULL),(432,'20140626','18:05:00',NULL,'','2014-06-27 23:46:59',NULL),(433,'20140627','07:50:00',NULL,'','2014-06-27 23:47:14',NULL),(434,'20140627','11:55:00',NULL,'','2014-06-27 23:47:20',NULL),(435,'20140627','13:55:00',NULL,'','2014-06-27 23:47:30',NULL),(436,'20140627','19:30:00',NULL,'Importação gnuteca -> sig','2014-06-27 23:47:50',NULL),(437,'20140701','07:50:00',NULL,'','2014-07-01 17:01:15',NULL),(438,'20140701','11:55:00',NULL,'','2014-07-01 17:01:23',NULL),(439,'20140701','14:00:00',NULL,'','2014-07-01 17:01:28',NULL),(440,'20140701','18:10:00',NULL,'','2014-07-02 11:17:39',NULL),(441,'20140702','08:05:00',NULL,'','2014-07-02 11:24:43',NULL),(442,'20140702','12:00:00',NULL,'','2014-07-03 12:49:53',NULL),(443,'20140702','14:00:00',NULL,'','2014-07-03 12:50:03',NULL),(444,'20140702','18:00:00',NULL,'','2014-07-03 12:50:09',NULL),(445,'20140703','08:07:00',NULL,'','2014-07-03 12:50:17',NULL),(446,'20140703','12:00:00',NULL,'','2014-07-03 17:02:31',NULL),(447,'20140703','14:00:00',NULL,'','2014-07-03 17:02:36',NULL),(448,'20140703','18:10:00',NULL,'','2014-07-07 19:02:46',NULL),(449,'20140704','08:00:00',NULL,'','2014-07-07 19:02:53',NULL),(450,'20140704','12:10:00',NULL,'jogo brasil\r\n','2014-07-07 19:04:03',NULL),(453,'20140707','07:55:00',NULL,'','2014-07-07 19:03:17',NULL),(454,'20140707','12:15:00',NULL,'','2014-07-07 19:03:21',NULL),(455,'20140707','14:00:00',NULL,'','2014-07-07 19:03:27',NULL),(456,'20140707','18:05:00',NULL,'','2014-07-14 17:06:38',NULL),(457,'20140630','08:00:00',NULL,'','2014-07-07 19:14:00',NULL),(458,'20140630','11:55:00',NULL,'','2014-07-07 19:14:07',NULL),(459,'20140630','14:00:00',NULL,'','2014-07-07 19:14:13',NULL),(460,'20140630','18:05:00',NULL,'','2014-07-07 19:14:25',NULL),(461,'20140708','08:05:00',NULL,'','2014-07-10 18:32:00',NULL),(462,'20140708','12:40:00',NULL,'jogo brasil\r\n','2014-07-10 18:33:37',NULL),(463,'20140709','08:00:00',NULL,'','2014-07-10 18:33:52',NULL),(464,'20140709','12:00:00',NULL,'','2014-07-10 18:33:58',NULL),(465,'20140709','14:00:00',NULL,'','2014-07-10 18:34:04',NULL),(466,'20140709','18:05:00',NULL,'','2014-07-10 18:34:10',NULL),(467,'20140710','07:55:00',NULL,'','2014-07-10 18:34:56',NULL),(468,'20140710','11:50:00',NULL,'','2014-07-10 18:35:01',NULL),(469,'20140710','13:50:00',NULL,'','2014-07-10 18:35:06',NULL),(470,'20140710','18:00:00',NULL,'','2014-07-14 17:06:07',NULL),(471,'20140711','08:05:00',NULL,'','2014-07-11 17:16:23',NULL),(472,'20140711','12:00:00',NULL,'','2014-07-11 17:16:32',NULL),(473,'20140711','14:00:00',NULL,'','2014-07-11 17:16:38',NULL),(474,'20140711','17:50:00',NULL,'','2014-07-11 20:50:02',NULL),(475,'20140714','07:55:00',NULL,'','2014-07-14 17:07:55',NULL),(476,'20140714','12:00:00',NULL,'','2014-07-14 17:08:00',NULL),(477,'20140714','14:00:00',NULL,'','2014-07-14 17:08:04',NULL),(478,'20140527','18:00:00',NULL,'','2014-07-14 17:09:31',NULL),(479,'20140528','08:00:00',NULL,'','2014-07-14 17:10:48',NULL),(480,'20140528','14:00:00',NULL,'','2014-07-14 17:10:55',NULL),(481,'20140528','12:00:00',NULL,'','2014-07-14 17:10:59',NULL),(482,'20140528','18:00:00',NULL,'','2014-07-14 17:11:03',NULL),(483,'20140529','14:00:00',NULL,'','2014-07-14 17:11:34',NULL),(484,'20140529','18:00:00',NULL,'','2014-07-14 17:11:39',NULL),(485,'20140530','08:00:00',NULL,'Treinamento dia todo','2014-07-14 17:12:21',NULL),(486,'20140530','12:00:00',NULL,'','2014-07-14 17:12:00',NULL),(487,'20140530','14:00:00',NULL,'','2014-07-14 17:12:05',NULL),(488,'20140530','18:00:00',NULL,'','2014-07-14 17:12:09',NULL),(489,'20140714','18:10:00',NULL,'','2014-07-16 19:52:47',NULL),(490,'20140715','07:55:00',NULL,'','2014-07-16 19:52:58',NULL),(491,'20140715','12:00:00',NULL,'','2014-07-16 19:53:05',NULL),(492,'20140715','13:55:00',NULL,'','2014-07-16 19:53:10',NULL),(493,'20140715','18:05:00',NULL,'','2014-07-16 19:53:15',NULL),(494,'20140716','07:30:00',NULL,'','2014-07-16 19:53:27',NULL),(495,'20140716','11:55:00',NULL,'','2014-07-16 19:53:42',NULL),(496,'20140716','14:00:00',NULL,'','2014-07-16 19:53:47',NULL),(497,'20140716','17:30:00',NULL,'','2014-07-16 19:53:52',NULL),(498,'20140717','07:50:00',NULL,'','2014-07-18 11:05:53',NULL),(499,'20140717','11:50:00',NULL,'','2014-07-18 11:05:59',NULL),(500,'20140717','13:50:00',NULL,'','2014-07-18 11:06:04',NULL),(501,'20140717','18:00:00',NULL,'','2014-07-18 11:06:09',NULL),(502,'20140718','07:50:00',NULL,'','2014-07-18 11:06:17',NULL),(503,'20140718','12:15:00',NULL,'','2014-07-21 11:42:20',NULL),(504,'20140718','13:00:00',NULL,'','2014-07-21 11:42:26',NULL),(505,'20140718','17:10:00',NULL,'','2014-07-21 11:42:31',NULL),(506,'20140721','07:50:00',NULL,'','2014-07-21 11:42:41',NULL),(507,'20140721','11:55:00',NULL,'','2014-07-21 17:27:01',NULL),(508,'20140721','13:55:00',NULL,'','2014-07-21 17:27:07',NULL),(509,'20140721','18:00:00',NULL,'','2014-07-22 11:22:15',NULL),(510,'20140722','08:00:00',NULL,'','2014-07-22 11:22:22',NULL),(511,'20140722','12:05:00',NULL,'','2014-07-22 17:07:25',NULL),(512,'20140722','13:50:00',NULL,'','2014-07-22 17:07:32',NULL),(513,'20140722','17:45:00',NULL,'','2014-07-22 20:33:35',NULL),(514,'20140723','08:00:00',NULL,'','2014-07-23 11:04:13',NULL),(515,'20140723','12:00:00',NULL,'','2014-07-24 11:06:19',NULL),(516,'20140723','14:00:00',NULL,'','2014-07-24 11:06:52',NULL),(517,'20140723','18:00:00',NULL,'','2014-07-24 11:07:00',NULL),(518,'20140724','07:50:00',NULL,'','2014-07-24 19:55:06',NULL),(519,'20140724','12:05:00',NULL,'','2014-07-24 19:55:12',NULL),(520,'20140724','13:55:00',NULL,'','2014-07-24 19:55:17',NULL),(521,'20140724','17:50:00',NULL,'','2014-07-25 17:11:53',NULL),(522,'20140725','07:50:00',NULL,'','2014-07-28 13:54:21',NULL),(523,'20140725','12:00:00',NULL,'','2014-07-28 13:59:12',NULL),(524,'20140725','13:50:00',NULL,'','2014-07-28 14:00:24',NULL),(525,'20140725','18:00:00',NULL,'','2014-07-28 14:00:44',NULL),(526,'20140728','08:05:00',NULL,'','2014-07-28 17:09:30',NULL),(527,'20140728','12:00:00',NULL,'','2014-07-28 17:09:44',NULL),(528,'20140728','14:00:00',NULL,'','2014-07-28 17:09:55',NULL),(529,'20140728','18:30:00',NULL,'','2014-07-29 11:00:50',NULL),(530,'20140729','07:55:00',NULL,'','2014-07-29 11:00:57',NULL),(531,'20140729','11:55:00',NULL,'','2014-07-30 14:28:42',NULL),(532,'20140729','13:50:00',NULL,'','2014-07-30 14:28:51',NULL),(533,'20140729','18:00:00',NULL,'','2014-07-30 14:28:57',NULL),(534,'20140730','08:00:00',NULL,'','2014-07-30 14:33:25',NULL),(535,'20140730','11:55:00',NULL,'','2014-07-30 17:14:08',NULL),(536,'20140730','13:50:00',NULL,'','2014-07-30 17:14:21',NULL),(537,'20140730','18:10:00',NULL,'','2014-08-01 13:51:38',NULL),(538,'20140731','08:00:00',NULL,'','2014-08-04 12:33:05',NULL),(539,'20140731','12:15:00',NULL,'','2014-08-04 12:34:15',NULL),(540,'20140731','14:00:00',NULL,'','2014-08-04 12:35:21',NULL),(541,'20140731','18:15:00',NULL,'','2014-08-04 12:35:27',NULL),(542,'20140804','07:50:00',NULL,'','2014-08-05 11:11:11',NULL),(543,'20140801','07:50:00',NULL,'','2014-08-05 11:11:32',NULL),(544,'20140801','12:15:00',NULL,'','2014-08-05 11:11:43',NULL),(545,'20140801','14:00:00',NULL,'','2014-08-05 11:11:52',NULL),(546,'20140801','18:10:00',NULL,'','2014-08-05 11:11:58',NULL),(547,'20140804','11:50:00',NULL,'','2014-08-05 11:12:53',NULL),(548,'20140804','14:00:00',NULL,'','2014-08-05 11:13:01',NULL),(549,'20140804','18:00:00',NULL,'','2014-08-05 11:13:18',NULL),(550,'20140805','07:50:00',NULL,'','2014-08-05 11:14:17',NULL),(551,'20140805','12:00:00',NULL,'','2014-08-06 11:22:46',NULL),(552,'20140805','13:50:00',NULL,'','2014-08-06 11:22:54',NULL),(553,'20140805','18:00:00',NULL,'','2014-08-06 11:23:07',NULL),(554,'20140806','07:50:00',NULL,'','2014-08-06 11:23:17',NULL),(555,'20140806','12:00:00',NULL,'','2014-08-06 17:04:37',NULL),(556,'20140806','13:50:00',NULL,'','2014-08-06 17:04:46',NULL),(557,'20140806','18:30:00',NULL,'','2014-08-07 20:02:14',NULL),(558,'20140807','07:50:00',NULL,'','2014-08-07 20:02:33',NULL),(559,'20140807','12:00:00',NULL,'','2014-08-07 20:02:57',NULL),(560,'20140807','13:50:00',NULL,'','2014-08-07 20:03:04',NULL),(561,'20140807','18:00:00',NULL,'','2014-08-07 20:03:10',NULL),(562,'20140808','07:50:00',NULL,'','2014-08-11 11:06:22',NULL),(563,'20140808','12:00:00',NULL,'','2014-08-11 11:06:29',NULL),(564,'20140808','13:50:00',NULL,'','2014-08-11 11:06:51',NULL),(565,'20140808','18:00:00',NULL,'','2014-08-11 11:07:03',NULL),(566,'20140811','07:50:00',NULL,'','2014-08-14 20:23:50',NULL),(567,'20140811','12:00:00',NULL,'','2014-08-14 20:23:58',NULL),(568,'20140811','13:50:00',NULL,'','2014-08-14 20:24:04',NULL),(569,'20140811','18:00:00',NULL,'','2014-08-14 20:24:09',NULL),(570,'20140812','07:50:00',NULL,'','2014-08-14 20:24:17',NULL),(571,'20140812','11:50:00',NULL,'','2014-08-14 20:24:27',NULL),(572,'20140812','14:00:00',NULL,'','2014-08-14 20:25:35',NULL),(573,'20140812','18:10:00',NULL,'','2014-08-14 20:25:41',NULL),(574,'20140813','07:50:00',NULL,'','2014-08-14 20:25:53',NULL),(575,'20140813','12:00:00',NULL,'','2014-08-14 20:26:08',NULL),(576,'20140813','14:00:00',NULL,'','2014-08-14 20:26:14',NULL),(577,'20140813','17:50:00',NULL,'','2014-08-14 20:26:26',NULL),(578,'20140814','07:50:00',NULL,'','2014-08-14 20:26:40',NULL),(579,'20140814','11:50:00',NULL,'','2014-08-14 20:26:50',NULL),(580,'20140814','13:50:00',NULL,'','2014-08-14 20:26:57',NULL),(581,'20140814','17:50:00',NULL,'','2014-08-14 20:27:14',NULL),(582,'20140815','08:10:00',NULL,'','2014-08-15 11:20:46',NULL),(583,'20140815','12:15:00',NULL,'PTI biblioteca','2014-08-15 17:04:48',NULL),(584,'20140815','13:50:00',NULL,'','2014-08-15 17:04:54',NULL),(585,'20140820','07:50:00',NULL,'','2014-08-21 19:29:53',NULL),(586,'20140820','11:55:00',NULL,'','2014-08-21 19:29:59',NULL),(587,'20140820','13:50:00',NULL,'','2014-08-21 19:30:08',NULL),(588,'20140820','18:20:00',NULL,'','2014-08-21 19:30:19',NULL),(589,'20140819','08:00:00',NULL,'','2014-08-21 19:30:47',NULL),(590,'20140819','12:00:00',NULL,'','2014-08-21 19:30:54',NULL),(591,'20140819','14:00:00',NULL,'','2014-08-21 19:31:00',NULL),(592,'20140819','18:05:00',NULL,'','2014-08-21 19:31:08',NULL),(593,'20140821','07:50:00',NULL,'','2014-08-21 19:33:31',NULL),(594,'20140821','12:15:00',NULL,'Reunião Biblioteca','2014-08-21 19:36:03',NULL),(595,'20140821','13:50:00',NULL,'','2014-08-21 19:31:32',NULL),(596,'20140821','18:00:00',NULL,'','2014-08-21 19:33:38',NULL),(597,'20140818','07:50:00',NULL,'','2014-08-21 19:34:30',NULL),(598,'20140818','12:00:00',NULL,'','2014-08-21 19:34:45',NULL),(599,'20140818','13:50:00',NULL,'','2014-08-21 19:34:51',NULL),(600,'20140818','18:05:00',NULL,'','2014-08-21 19:35:10',NULL),(601,'20140815','18:00:00',NULL,'','2014-08-21 19:35:27',NULL),(602,'20140822','07:50:00',NULL,'','2014-08-26 14:02:11',NULL),(603,'20140822','12:15:00',NULL,'','2014-08-26 14:02:19',NULL),(604,'20140822','13:50:00',NULL,'','2014-08-26 14:02:25',NULL),(605,'20140822','18:10:00',NULL,'','2014-08-26 14:02:32',NULL),(606,'20140825','07:50:00',NULL,'','2014-08-26 14:02:41',NULL),(607,'20140825','11:55:00',NULL,'','2014-08-26 14:02:48',NULL),(608,'20140825','13:50:00',NULL,'','2014-08-26 14:02:58',NULL),(609,'20140825','18:15:00',NULL,'','2014-08-26 14:03:11',NULL),(610,'20140826','08:00:00',NULL,'','2014-08-26 14:03:22',NULL),(611,'20140826','12:00:00',NULL,'','2014-08-26 14:03:35',NULL),(612,'20140826','13:50:00',NULL,'','2014-08-26 14:03:52',NULL),(613,'20140826','18:10:00',NULL,'','2014-08-28 17:01:32',NULL),(614,'20140827','07:50:00',NULL,'','2014-08-28 17:01:41',NULL),(615,'20140827','12:15:00',NULL,'','2014-08-28 17:01:52',NULL),(616,'20140827','13:00:00',NULL,'','2014-08-28 17:01:58',NULL),(617,'20140827','18:45:00',NULL,'','2014-08-28 17:02:08',NULL),(618,'20140828','07:50:00',NULL,'','2014-08-28 17:02:21',NULL),(619,'20140828','11:50:00',NULL,'','2014-08-28 17:02:28',NULL),(620,'20140828','13:50:00',NULL,'','2014-08-28 17:02:34',NULL),(622,'20140902','07:50:00',NULL,'','2014-09-02 10:58:13',NULL),(623,'20140828','18:10:00',NULL,'','2014-09-02 10:59:55',NULL),(624,'20140829','07:50:00',NULL,'','2014-09-02 11:00:03',NULL),(625,'20140829','14:00:00',NULL,'','2014-09-02 11:00:27',NULL),(626,'20140829','12:10:00',NULL,'','2014-09-02 11:00:36',NULL),(627,'20140829','17:50:00',NULL,'','2014-09-02 11:00:17',NULL),(629,'20140902','12:00:00',NULL,'','2014-09-03 19:57:24',NULL),(630,'20140902','13:50:00',NULL,'','2014-09-03 19:57:30',NULL),(631,'20140902','18:00:00',NULL,'','2014-09-03 19:57:36',NULL),(632,'20140903','07:55:00',NULL,'','2014-09-03 19:57:50',NULL),(633,'20140903','12:45:00',NULL,'Biblioteca','2014-09-03 19:58:08',NULL),(634,'20140903','13:50:00',NULL,'','2014-09-03 19:58:14',NULL),(635,'20140903','18:00:00',NULL,'','2014-09-03 19:58:21',NULL),(636,'20140904','08:05:00',NULL,'','2014-09-04 11:47:59',NULL),(637,'20140904','12:00:00',NULL,'','2014-09-05 12:29:53',NULL),(638,'20140904','13:55:00',NULL,'','2014-09-05 12:30:00',NULL),(639,'20140904','17:50:00',NULL,'','2014-09-05 12:30:07',NULL),(640,'20140905','08:00:00',NULL,'','2014-09-05 12:30:16',NULL),(641,'20140905','12:20:00',NULL,'Instalação cozinha','2014-09-08 11:04:41',NULL),(642,'20140908','07:50:00',NULL,'','2014-09-08 11:09:20',NULL),(643,'20140908','12:10:00',NULL,'','2014-09-08 17:09:39',NULL),(644,'20140908','13:50:00',NULL,'','2014-09-08 17:09:49',NULL),(645,'20140908','18:00:00',NULL,'','2014-09-09 11:25:14',NULL),(646,'20140909','08:00:00',NULL,'','2014-09-09 11:34:57',NULL),(647,'20140909','12:00:00',NULL,'','2014-09-09 17:22:06',NULL),(648,'20140909','13:50:00',NULL,'','2014-09-09 17:22:13',NULL),(649,'20140909','18:00:00',NULL,'','2014-09-10 11:24:06',NULL),(650,'20140910','07:50:00',NULL,'','2014-09-10 11:24:21',NULL),(651,'20140910','11:50:00',NULL,'','2014-09-15 11:32:57',NULL),(652,'20140910','13:50:00',NULL,'','2014-09-15 11:33:02',NULL),(653,'20140910','18:00:00',NULL,'','2014-09-15 11:33:11',NULL),(654,'20140911','07:50:00',NULL,'','2014-09-15 11:45:10',NULL),(655,'20140911','11:55:00',NULL,'','2014-09-15 11:45:16',NULL),(656,'20140911','14:00:00',NULL,'','2014-09-15 11:45:20',NULL),(657,'20140911','18:00:00',NULL,'','2014-09-15 11:45:25',NULL),(658,'20140912','08:05:00',NULL,'','2014-09-15 11:45:34',NULL),(659,'20140912','12:00:00',NULL,'','2014-09-15 11:45:40',NULL),(660,'20140912','13:50:00',NULL,'','2014-09-15 11:45:44',NULL),(661,'20140912','17:50:00',NULL,'','2014-09-15 11:45:51',NULL),(662,'20140915','07:50:00',NULL,'','2014-09-15 11:45:59',NULL),(663,'20140915','11:55:00',NULL,'','2014-09-17 16:45:16',NULL),(664,'20140915','14:00:00',NULL,'','2014-09-17 16:45:23',NULL),(665,'20140915','18:00:00',NULL,'','2014-09-17 16:45:29',NULL),(666,'20140916','07:50:00',NULL,'','2014-09-17 16:45:47',NULL),(667,'20140916','12:00:00',NULL,'','2014-09-17 16:46:02',NULL),(668,'20140916','14:00:00',NULL,'','2014-09-17 16:46:09',NULL),(669,'20140916','18:00:00',NULL,'','2014-09-17 16:46:15',NULL),(670,'20140917','07:50:00',NULL,'','2014-09-17 16:46:30',NULL),(671,'20140917','12:30:00',NULL,'','2014-09-17 16:46:50',NULL),(672,'20140917','13:45:00',NULL,'','2014-09-17 16:46:57',NULL),(673,'20140917','18:00:00',NULL,'','2014-09-19 14:30:08',NULL),(674,'20140918','08:05:00',NULL,'','2014-09-19 14:30:17',NULL),(675,'20140918','11:50:00',NULL,'','2014-09-19 14:30:26',NULL),(676,'20140918','14:00:00',NULL,'','2014-09-19 14:30:37',NULL),(677,'20140918','18:15:00',NULL,'','2014-09-19 14:30:49',NULL),(679,'20140919','08:05:00',NULL,'','2014-09-19 19:47:24',NULL),(680,'20140919','11:50:00',NULL,'','2014-09-19 19:47:36',NULL),(681,'20140919','13:30:00',NULL,'','2014-09-19 19:47:44',NULL),(682,'20140919','17:40:00',NULL,'','2014-09-19 19:47:51',NULL),(683,'20140922','07:50:00',NULL,'','2014-09-22 20:41:21',NULL),(684,'20140922','11:55:00',NULL,'','2014-09-22 20:41:27',NULL),(685,'20140922','13:40:00',NULL,'','2014-09-22 20:41:35',NULL),(686,'20140922','17:50:00',NULL,'','2014-09-22 20:41:45',NULL),(687,'20140923','07:50:00',NULL,'','2014-09-27 14:51:06',NULL),(688,'20140923','11:55:00',NULL,'','2014-09-27 14:51:13',NULL),(689,'20140923','13:50:00',NULL,'','2014-09-27 14:51:18',NULL),(690,'20140923','18:00:00',NULL,'','2014-09-27 14:51:25',NULL),(691,'20140924','08:00:00',NULL,'','2014-09-27 14:51:38',NULL),(692,'20140924','11:50:00',NULL,'','2014-09-27 14:51:44',NULL),(693,'20140924','13:50:00',NULL,'','2014-09-27 14:51:50',NULL),(694,'20140924','18:00:00',NULL,'','2014-09-27 14:51:57',NULL),(695,'20140925','08:00:00',NULL,'','2014-09-27 14:52:08',NULL),(696,'20140925','11:50:00',NULL,'','2014-09-27 14:52:40',NULL),(697,'20140925','13:50:00',NULL,'','2014-09-27 14:52:54',NULL),(698,'20140925','18:00:00',NULL,'','2014-09-27 14:53:02',NULL),(699,'20140926','08:00:00',NULL,'','2014-09-27 14:53:12',NULL),(700,'20140926','11:50:00',NULL,'','2014-09-27 14:53:19',NULL),(701,'20140926','14:00:00',NULL,'','2014-09-27 14:53:32',NULL),(702,'20140926','17:45:00',NULL,'','2014-09-27 14:53:47',NULL),(703,'20140929','07:50:00',NULL,'','2014-09-29 23:23:48',NULL),(704,'20140929','11:55:00',NULL,'','2014-09-29 23:23:55',NULL),(705,'20140929','13:50:00',NULL,'','2014-09-29 23:24:05',NULL),(706,'20140929','18:00:00',NULL,'','2014-09-29 23:24:12',NULL);
/*!40000 ALTER TABLE `point` ENABLE KEYS */;
UNLOCK TABLES;

--
-- Table structure for table `worked_hours`
--

DROP TABLE IF EXISTS `worked_hours`;
/*!40101 SET @saved_cs_client     = @@character_set_client */;
/*!40101 SET character_set_client = utf8 */;
CREATE TABLE `worked_hours` (
  `date` varchar(8) NOT NULL,
  `hours` varchar(8) NOT NULL,
  PRIMARY KEY (`date`)
) ENGINE=InnoDB DEFAULT CHARSET=latin1;
/*!40101 SET character_set_client = @saved_cs_client */;

--
-- Dumping data for table `worked_hours`
--

LOCK TABLES `worked_hours` WRITE;
/*!40000 ALTER TABLE `worked_hours` DISABLE KEYS */;
INSERT INTO `worked_hours` VALUES ('20130123',''),('20130124',''),('20131203',''),('20131217',''),('20131218',''),('20140101',''),('20140102','07:15:00'),('20140103','08:00:00'),('20140106','00:00:00'),('20140107','00:00:00'),('20140108','00:00:00'),('20140109','00:00:00'),('20140110','00:00:00'),('20140112',''),('20140113','00:00:00'),('20140114','00:00:00'),('20140115','00:00:00'),('20140116','00:00:00'),('20140117','00:00:00'),('20140119',''),('20140120','08:10:00'),('20140121','08:10:00'),('20140122','08:10:00'),('20140123','08:55:00'),('20140124','09:10:00'),('20140126',''),('20140127','08:10:00'),('20140128','09:30:00'),('20140129','08:45:00'),('20140130','08:25:00'),('20140131','10:00:00'),('20140201',''),('20140202',''),('20140203','08:00:00'),('20140204','08:00:00'),('20140205','08:15:00'),('20140206','08:50:00'),('20140207','08:20:00'),('20140210','08:10:00'),('20140211','07:00:00'),('20140212','08:05:00'),('20140213','08:10:00'),('20140214','08:10:00'),('20140215',''),('20140216',''),('20140217','08:10:00'),('20140218','07:40:00'),('20140219','07:40:00'),('20140220','07:05:00'),('20140221','08:05:00'),('20140223',''),('20140224','07:30:00'),('20140225','07:50:00'),('20140226','07:45:00'),('20140227','07:45:00'),('20140228','07:45:00'),('20140303',''),('20140304',''),('20140305',''),('20140306','08:00:00'),('20140307','07:45:00'),('20140309',''),('20140310','04:10:00'),('20140311','04:00:00'),('20140312','04:00:00'),('20140313','04:00:00'),('20140314','04:00:00'),('20140317','07:00:00'),('20140318','07:30:00'),('20140319','07:50:00'),('20140320','07:30:00'),('20140321','08:00:00'),('20140324','07:50:00'),('20140325','08:45:00'),('20140326','08:50:00'),('20140327','08:20:00'),('20140328','06:15:00'),('20140331','08:09:00'),('20140401','08:20:00'),('20140402','08:00:00'),('20140403','08:35:00'),('20140404','08:25:00'),('20140407','08:10:00'),('20140408','08:20:00'),('20140409','08:10:00'),('20140410','09:55:00'),('20140411','08:05:00'),('20140414','08:20:00'),('20140415','07:40:00'),('20140416','09:50:00'),('20140417','07:40:00'),('20140419',''),('20140425',''),('20140426',''),('20140428','08:00:00'),('20140429','07:30:00'),('20140430','07:45:00'),('20140502',''),('20140504',''),('20140505','08:25:00'),('20140506','07:50:00'),('20140507','06:50:00'),('20140508','07:20:00'),('20140509','07:45:00'),('20140512','08:15:00'),('20140513','08:15:00'),('20140514','08:10:00'),('20140515','08:00:00'),('20140516','08:20:00'),('20140519','08:15:00'),('20140520','07:50:00'),('20140521','08:05:00'),('20140522','07:55:00'),('20140523','08:05:00'),('20140525',''),('20140526','09:40:00'),('20140527','08:05:00'),('20140528','08:00:00'),('20140529','08:00:00'),('20140530','08:00:00'),('20140531',''),('20140601',''),('20140602','08:30:00'),('20140603','08:20:00'),('20140604','08:20:00'),('20140605','08:10:00'),('20140606','07:55:00'),('20140607',''),('20140609',''),('20140610',''),('20140611','08:05:00'),('20140612','04:30:00'),('20140613','08:10:00'),('20140616','09:35:00'),('20140617','03:35:00'),('20140618','07:50:00'),('20140625','08:05:00'),('20140626','08:05:00'),('20140627','09:40:00'),('20140630','08:00:00'),('20140701','08:15:00'),('20140702','07:55:00'),('20140703','08:03:00'),('20140704','04:10:00'),('20140707','08:25:00'),('20140708','04:35:00'),('20140709','08:05:00'),('20140710','08:05:00'),('20140711','07:45:00'),('20140714','08:15:00'),('20140715','08:15:00'),('20140716','07:55:00'),('20140717','08:10:00'),('20140718','08:35:00'),('20140721','08:10:00'),('20140722','08:00:00'),('20140723','08:00:00'),('20140724','08:10:00'),('20140725','08:20:00'),('20140728','08:25:00'),('20140729','08:10:00'),('20140730','08:15:00'),('20140731','08:30:00'),('20140801','08:35:00'),('20140804','08:00:00'),('20140805','08:20:00'),('20140806','08:50:00'),('20140807','08:20:00'),('20140808','08:20:00'),('20140811','08:20:00'),('20140812','08:10:00'),('20140813','08:00:00'),('20140814','08:00:00'),('20140815','08:15:00'),('20140818','08:25:00'),('20140819','08:05:00'),('20140820','08:35:00'),('20140821','08:35:00'),('20140822','08:45:00'),('20140825','08:30:00'),('20140826','08:20:00'),('20140827','10:10:00'),('20140828','08:20:00'),('20140829','08:10:00'),('20140901',''),('20140902','08:20:00'),('20140903','09:00:00'),('20140904','07:50:00'),('20140905','04:20:00'),('20140908','08:30:00'),('20140909','08:10:00'),('20140910','08:10:00'),('20140911','08:05:00'),('20140912','07:55:00'),('20140915','08:05:00'),('20140916','08:10:00'),('20140917','08:55:00'),('20140918','08:00:00'),('20140919','07:55:00'),('20140922','08:15:00'),('20140923','08:15:00'),('20140924','08:00:00'),('20140925','08:00:00'),('20140926','07:35:00'),('20140927',''),('20140929','08:15:00'),('20141121',''),('20141219',''),('20150119','');
/*!40000 ALTER TABLE `worked_hours` ENABLE KEYS */;
UNLOCK TABLES;
/*!40103 SET TIME_ZONE=@OLD_TIME_ZONE */;

/*!40101 SET SQL_MODE=@OLD_SQL_MODE */;
/*!40014 SET FOREIGN_KEY_CHECKS=@OLD_FOREIGN_KEY_CHECKS */;
/*!40014 SET UNIQUE_CHECKS=@OLD_UNIQUE_CHECKS */;
/*!40101 SET CHARACTER_SET_CLIENT=@OLD_CHARACTER_SET_CLIENT */;
/*!40101 SET CHARACTER_SET_RESULTS=@OLD_CHARACTER_SET_RESULTS */;
/*!40101 SET COLLATION_CONNECTION=@OLD_COLLATION_CONNECTION */;
/*!40111 SET SQL_NOTES=@OLD_SQL_NOTES */;

-- Dump completed on 2014-09-30 23:15:01
